{"cameraMode":{"drawMode":0,"name":"Shaded","section":"Shading Mode"},"sceneLighting":false,"audioPlay":false,"sceneViewState":{"showFog":true,"showMaterialUpdate":false,"showSkybox":false,"showFlares":true,"showImageEffects":true,"showParticleSystems":true,"showVisualEffectGraphs":true,"m_FxEnabled":true},"in2DMode":false,"pivot":{"x":-3.0866475105285646,"y":-0.03464937210083008,"z":5.762229919433594},"rotation":{"x":0.7092241048812866,"y":-0.0010574733605608345,"z":0.0010638374369591475,"w":0.7049815058708191},"size":16.749279022216798,"orthographic":true}